country,product_name,product_type,price_before_USD,price_after_USD,tariff_pct,date,units_sold_before,units_sold_after,latitude,longitude
Australia,Laptop,Electronics,135.02,147.05,8.91,25/07/2018,165,84,4.546442998351907,-40.13319234999118
Brazil,Coffee,Food,13.95,18.35,31.52,01/06/2018,1654,1426,-27.20145687116381,-12.135257724002855
France,Video Game Console,Electronics,576.35,824.99,43.14,17/08/2018,641,553,9.335565144317748,-87.5245305030312
France,Jeans,Apparel,169.29,243.41,43.78,13/08/2018,493,402,9.335565144317748,-87.5245305030312
USA,Tablet,Electronics,419.06,559.91,33.61,17/07/2018,433,288,-38.156818103928615,-6.637310389189423
Brazil,Tablet,Electronics,473.77,532.28,12.35,19/07/2018,652,616,-27.20145687116381,-12.135257724002855
Australia,Washing Machine,Appliances,1619.2,1930.09,19.2,05/07/2018,235,139,4.546442998351907,-40.13319234999118
India,Furniture,Furniture,300.02,333.86,11.28,11/08/2018,1203,743,-28.32847492028605,-2.5918902870641745
India,Video Game Console,Electronics,1356.95,1453.56,7.12,15/06/2018,413,323,-28.32847492028605,-2.5918902870641745
Australia,Video Game Console,Electronics,934.97,1378.24,47.41,27/08/2018,1576,869,4.546442998351907,-40.13319234999118
South Korea,Footwear,Apparel,101.67,146.82,44.41,04/07/2018,1125,948,-38.363029924112446,85.55194943822733
South Korea,Furniture,Furniture,623.48,699.98,12.27,07/08/2018,1981,991,-38.363029924112446,85.55194943822733
Canada,Jeans,Apparel,75.35,108.89,44.51,11/06/2018,275,228,-17.717029441216305,-46.61256558641988
China,Footwear,Apparel,49.72,65.78,32.3,28/06/2018,1204,1011,-31.851729923313933,46.25633471413238
France,Coffee,Food,35.23,40.92,16.16,09/06/2018,792,403,9.335565144317748,-87.5245305030312
South Korea,Coffee,Food,36.85,44.17,19.87,05/08/2018,587,367,-38.363029924112446,85.55194943822733
Japan,Coffee,Food,44.71,55.14,23.32,13/06/2018,298,237,12.221735215463902,-32.28891210397096
Canada,Video Game Console,Electronics,675.54,930.69,37.77,14/06/2018,609,357,-17.717029441216305,-46.61256558641988
South Korea,Jeans,Apparel,33.57,48.18,43.52,13/06/2018,203,161,-38.363029924112446,85.55194943822733
South Korea,Electronic Components,Electronics,120.66,173.64,43.91,08/06/2018,437,293,-38.363029924112446,85.55194943822733
UK,Olive Oil,Food,17.84,24.04,34.78,02/08/2018,417,244,15.501998979134285,73.62923714582465
Brazil,Smartphone,Electronics,910.85,1305.89,43.37,21/06/2018,216,201,-27.20145687116381,-12.135257724002855
China,Electronic Components,Electronics,360.15,418.06,16.08,16/08/2018,181,140,-31.851729923313933,46.25633471413238
UK,Tablet,Electronics,917.14,1126.34,22.81,25/08/2018,1421,902,15.501998979134285,73.62923714582465
Canada,Furniture,Furniture,202.57,232.12,14.59,04/07/2018,371,341,-17.717029441216305,-46.61256558641988
China,Furniture,Furniture,1477.39,2087.85,41.32,07/08/2018,116,92,-31.851729923313933,46.25633471413238
South Korea,Olive Oil,Food,44.52,49.86,12.0,07/07/2018,1338,795,-38.363029924112446,85.55194943822733
Canada,Coffee,Food,27.74,37.04,33.54,06/07/2018,190,95,-17.717029441216305,-46.61256558641988
Germany,Tablet,Electronics,1471.72,2171.23,47.53,28/08/2018,1951,1106,-32.616102670496794,19.00264584284548
USA,Electronic Components,Electronics,616.9,917.64,48.75,06/06/2018,1940,1282,-38.156818103928615,-6.637310389189423
Australia,Coffee,Food,30.19,44.28,46.66,01/07/2018,1870,1071,4.546442998351907,-40.13319234999118
Germany,Furniture,Furniture,1037.87,1433.09,38.08,02/07/2018,646,369,-32.616102670496794,19.00264584284548
France,Laptop,Electronics,635.56,901.99,41.92,30/06/2018,556,283,9.335565144317748,-87.5245305030312
Brazil,Video Game Console,Electronics,559.57,834.6,49.15,08/08/2018,778,717,-27.20145687116381,-12.135257724002855
China,Furniture,Furniture,708.39,976.02,37.78,11/07/2018,993,767,-31.851729923313933,46.25633471413238
South Korea,Laptop,Electronics,639.27,826.13,29.23,01/09/2018,1619,1346,-38.363029924112446,85.55194943822733
Brazil,Refrigerator,Appliances,1359.36,1977.87,45.5,04/08/2018,733,586,-27.20145687116381,-12.135257724002855
Canada,Video Game Console,Electronics,1076.09,1214.15,12.83,12/08/2018,716,488,-17.717029441216305,-46.61256558641988
USA,Olive Oil,Food,31.1,35.65,14.62,31/07/2018,1725,1562,-38.156818103928615,-6.637310389189423
France,Car,Automobiles,14932.52,17257.51,15.57,10/07/2018,560,483,9.335565144317748,-87.5245305030312
Germany,Smartphone,Electronics,164.7,215.61,30.91,31/08/2018,1526,1026,-32.616102670496794,19.00264584284548
UK,Coffee,Food,45.17,51.88,14.85,29/08/2018,1160,822,15.501998979134285,73.62923714582465
South Korea,Coffee,Food,11.0,13.12,19.28,27/07/2018,1354,1173,-38.363029924112446,85.55194943822733
South Korea,Video Game Console,Electronics,1262.8,1466.49,16.13,21/08/2018,667,563,-38.363029924112446,85.55194943822733
South Korea,Jeans,Apparel,68.91,89.11,29.31,18/06/2018,408,246,-38.363029924112446,85.55194943822733
France,Car,Automobiles,7248.01,8981.01,23.91,14/08/2018,1524,775,9.335565144317748,-87.5245305030312
India,Video Game Console,Electronics,767.77,992.11,29.22,09/08/2018,1738,1340,-28.32847492028605,-2.5918902870641745
Brazil,Jeans,Apparel,142.25,159.93,12.43,30/07/2018,1983,1105,-27.20145687116381,-12.135257724002855
India,Car Parts,Automobiles,18790.71,23634.96,25.78,07/06/2018,632,423,-28.32847492028605,-2.5918902870641745
Brazil,Jeans,Apparel,169.75,184.5,8.69,03/06/2018,1634,1213,-27.20145687116381,-12.135257724002855
Canada,Coffee,Food,34.33,36.36,5.92,20/06/2018,588,327,-17.717029441216305,-46.61256558641988
Australia,Laptop,Electronics,889.56,1233.46,38.66,15/06/2018,1692,1469,4.546442998351907,-40.13319234999118
Mexico,Laptop,Electronics,910.16,1036.85,13.92,15/08/2018,1514,1322,1.2588385185624986,28.361915433182105
Brazil,Laptop,Electronics,1076.07,1149.78,6.85,08/08/2018,977,779,-27.20145687116381,-12.135257724002855
China,Car Parts,Automobiles,5442.83,7898.63,45.12,29/07/2018,1548,880,-31.851729923313933,46.25633471413238
Germany,Washing Machine,Appliances,1863.35,2648.94,42.16,15/08/2018,649,418,-32.616102670496794,19.00264584284548
Brazil,Electronic Components,Electronics,1408.47,1692.14,20.14,03/08/2018,1842,1190,-27.20145687116381,-12.135257724002855
Japan,Coffee,Food,17.58,22.55,28.25,25/06/2018,275,167,12.221735215463902,-32.28891210397096
UK,Jeans,Apparel,100.67,119.03,18.24,22/07/2018,1516,923,15.501998979134285,73.62923714582465
Australia,TV,Electronics,616.63,773.38,25.42,10/07/2018,614,370,4.546442998351907,-40.13319234999118
France,Coffee,Food,47.79,56.12,17.44,15/08/2018,1656,1218,9.335565144317748,-87.5245305030312
Mexico,Laptop,Electronics,1265.68,1354.91,7.05,07/06/2018,1233,778,1.2588385185624986,28.361915433182105
Germany,Tablet,Electronics,1315.85,1490.86,13.3,07/06/2018,617,569,-32.616102670496794,19.00264584284548
Japan,Laptop,Electronics,1250.96,1630.38,30.33,09/07/2018,274,259,12.221735215463902,-32.28891210397096
China,Car Parts,Automobiles,26221.12,32755.42,24.92,15/08/2018,978,623,-31.851729923313933,46.25633471413238
India,Smartphone,Electronics,953.48,1068.57,12.07,23/06/2018,1230,656,-28.32847492028605,-2.5918902870641745
USA,Video Game Console,Electronics,730.71,916.53,25.43,27/08/2018,578,529,-38.156818103928615,-6.637310389189423
Australia,TV,Electronics,1025.66,1458.49,42.2,10/06/2018,222,127,4.546442998351907,-40.13319234999118
Mexico,TV,Electronics,1148.54,1693.18,47.42,04/08/2018,1205,870,1.2588385185624986,28.361915433182105
China,TV,Electronics,155.81,222.22,42.62,13/08/2018,1302,1208,-31.851729923313933,46.25633471413238
Australia,Electronic Components,Electronics,477.32,540.18,13.17,14/08/2018,992,779,4.546442998351907,-40.13319234999118
Japan,Laptop,Electronics,758.01,964.95,27.3,24/08/2018,920,796,12.221735215463902,-32.28891210397096
South Korea,Smartphone,Electronics,736.76,1101.24,49.47,24/08/2018,1880,1399,-38.363029924112446,85.55194943822733
UK,Smartphone,Electronics,362.62,470.35,29.71,07/07/2018,997,893,15.501998979134285,73.62923714582465
Japan,Laptop,Electronics,140.42,173.22,23.36,29/06/2018,1823,1660,12.221735215463902,-32.28891210397096
Japan,Laptop,Electronics,1006.79,1275.7,26.71,31/07/2018,599,422,12.221735215463902,-32.28891210397096
Germany,Video Game Console,Electronics,366.85,526.25,43.45,14/07/2018,1713,1247,-32.616102670496794,19.00264584284548
USA,Olive Oil,Food,31.1,39.43,26.8,13/07/2018,1230,1037,-38.156818103928615,-6.637310389189423
UK,Jeans,Apparel,88.93,109.81,23.48,11/07/2018,1625,1158,15.501998979134285,73.62923714582465
UK,Video Game Console,Electronics,1483.78,2202.52,48.44,13/07/2018,1881,1025,15.501998979134285,73.62923714582465
Japan,Laptop,Electronics,836.33,1054.86,26.13,04/07/2018,793,618,12.221735215463902,-32.28891210397096
UK,Tablet,Electronics,212.44,307.89,44.93,02/08/2018,1886,1402,15.501998979134285,73.62923714582465
India,Laptop,Electronics,428.68,596.81,39.22,30/08/2018,1887,1028,-28.32847492028605,-2.5918902870641745
Germany,Washing Machine,Appliances,395.4,458.62,15.99,23/07/2018,1259,1015,-32.616102670496794,19.00264584284548
Germany,Car,Automobiles,26332.21,30400.54,15.45,21/08/2018,620,438,-32.616102670496794,19.00264584284548
Australia,Smartphone,Electronics,1358.47,2030.1,49.44,09/07/2018,1408,1313,4.546442998351907,-40.13319234999118
France,Olive Oil,Food,49.97,60.54,21.15,08/07/2018,1532,969,9.335565144317748,-87.5245305030312
Australia,Video Game Console,Electronics,484.27,616.72,27.35,07/07/2018,1688,1450,4.546442998351907,-40.13319234999118
India,Footwear,Apparel,149.77,213.77,42.73,20/08/2018,298,270,-28.32847492028605,-2.5918902870641745
Australia,Smartphone,Electronics,532.51,738.27,38.64,23/06/2018,511,285,4.546442998351907,-40.13319234999118
South Korea,Furniture,Furniture,1254.57,1589.29,26.68,08/07/2018,1628,1451,-38.363029924112446,85.55194943822733
China,Jeans,Apparel,150.36,223.33,48.53,11/08/2018,849,459,-31.851729923313933,46.25633471413238
UK,Smartphone,Electronics,470.24,628.85,33.73,18/07/2018,321,257,15.501998979134285,73.62923714582465
Japan,Smartphone,Electronics,967.37,1217.82,25.89,29/08/2018,718,568,12.221735215463902,-32.28891210397096
China,Car,Automobiles,6302.42,7719.83,22.49,18/07/2018,1473,1365,-31.851729923313933,46.25633471413238
France,Car Parts,Automobiles,30979.42,38219.31,23.37,06/07/2018,167,135,9.335565144317748,-87.5245305030312
Brazil,Jeans,Apparel,86.12,115.42,34.02,08/06/2018,915,571,-27.20145687116381,-12.135257724002855
China,Electronic Components,Electronics,1253.87,1504.77,20.01,17/06/2018,1711,1290,-31.851729923313933,46.25633471413238
China,Electronic Components,Electronics,1171.22,1704.36,45.52,01/06/2018,667,591,-31.851729923313933,46.25633471413238
Germany,Car,Automobiles,32947.98,46285.32,40.48,15/08/2018,763,386,-32.616102670496794,19.00264584284548
Mexico,Smartphone,Electronics,277.46,365.44,31.71,28/07/2018,1131,678,1.2588385185624986,28.361915433182105
India,Smartphone,Electronics,1118.14,1676.54,49.94,22/07/2018,973,786,-28.32847492028605,-2.5918902870641745
Japan,Washing Machine,Appliances,1334.11,1780.9,33.49,10/08/2018,1558,1006,12.221735215463902,-32.28891210397096
India,Car Parts,Automobiles,22694.29,32793.25,44.5,10/08/2018,1576,1401,-28.32847492028605,-2.5918902870641745
UK,Jeans,Apparel,151.33,180.17,19.06,03/07/2018,866,804,15.501998979134285,73.62923714582465
Australia,Furniture,Furniture,621.71,689.23,10.86,08/06/2018,1301,1210,4.546442998351907,-40.13319234999118
South Korea,Refrigerator,Appliances,1899.92,2038.99,7.32,07/07/2018,1329,851,-38.363029924112446,85.55194943822733
China,TV,Electronics,810.38,892.8,10.17,06/07/2018,1275,767,-31.851729923313933,46.25633471413238
UK,Electronic Components,Electronics,885.35,1191.68,34.6,28/08/2018,647,331,15.501998979134285,73.62923714582465
Mexico,Washing Machine,Appliances,608.39,657.85,8.13,21/08/2018,162,87,1.2588385185624986,28.361915433182105
South Korea,Coffee,Food,12.08,15.93,31.83,07/06/2018,418,238,-38.363029924112446,85.55194943822733
India,Smartphone,Electronics,1043.56,1450.24,38.97,15/06/2018,806,558,-28.32847492028605,-2.5918902870641745
Mexico,Tablet,Electronics,1049.88,1106.05,5.35,09/07/2018,532,449,1.2588385185624986,28.361915433182105
Mexico,Olive Oil,Food,38.62,49.24,27.51,25/08/2018,1751,1154,1.2588385185624986,28.361915433182105
UK,Electronic Components,Electronics,1138.86,1403.08,23.2,21/08/2018,955,601,15.501998979134285,73.62923714582465
UK,Smartphone,Electronics,1452.68,1810.77,24.65,14/06/2018,598,416,15.501998979134285,73.62923714582465
UK,Car Parts,Automobiles,35468.35,47350.25,33.5,07/08/2018,1144,671,15.501998979134285,73.62923714582465
Canada,Refrigerator,Appliances,701.66,926.96,32.11,23/08/2018,254,147,-17.717029441216305,-46.61256558641988
Australia,Jeans,Apparel,178.77,267.06,49.39,12/07/2018,1869,1751,4.546442998351907,-40.13319234999118
Canada,Car,Automobiles,21412.24,23198.02,8.34,30/07/2018,1025,529,-17.717029441216305,-46.61256558641988
Canada,Electronic Components,Electronics,501.91,658.05,31.11,06/06/2018,1021,928,-17.717029441216305,-46.61256558641988
India,Tablet,Electronics,363.54,518.7,42.68,31/08/2018,272,197,-28.32847492028605,-2.5918902870641745
Germany,Smartphone,Electronics,446.84,526.06,17.73,23/07/2018,1686,1099,-32.616102670496794,19.00264584284548
India,Smartphone,Electronics,1204.92,1657.61,37.57,24/08/2018,1956,1508,-28.32847492028605,-2.5918902870641745
Germany,Refrigerator,Appliances,827.39,916.75,10.8,30/08/2018,273,174,-32.616102670496794,19.00264584284548
UK,Tablet,Electronics,1208.33,1555.0,28.69,22/08/2018,1473,1017,15.501998979134285,73.62923714582465
Canada,Smartphone,Electronics,607.64,675.63,11.19,10/06/2018,705,620,-17.717029441216305,-46.61256558641988
China,Car Parts,Automobiles,34229.19,37960.17,10.9,19/07/2018,415,237,-31.851729923313933,46.25633471413238
France,Footwear,Apparel,85.57,127.18,48.63,18/08/2018,683,572,9.335565144317748,-87.5245305030312
Japan,Coffee,Food,41.39,61.1,47.62,27/07/2018,1045,884,12.221735215463902,-32.28891210397096
UK,Car Parts,Automobiles,38819.39,51959.75,33.85,18/07/2018,1235,1136,15.501998979134285,73.62923714582465
France,Electronic Components,Electronics,822.27,1170.91,42.4,12/06/2018,1964,1178,9.335565144317748,-87.5245305030312
Japan,Furniture,Furniture,1492.34,1818.71,21.87,04/06/2018,752,690,12.221735215463902,-32.28891210397096
France,Tablet,Electronics,569.41,792.33,39.15,31/07/2018,1018,790,9.335565144317748,-87.5245305030312
China,Smartphone,Electronics,458.29,540.6,17.96,09/07/2018,349,181,-31.851729923313933,46.25633471413238
UK,Tablet,Electronics,1211.46,1552.97,28.19,01/07/2018,1571,887,15.501998979134285,73.62923714582465
UK,Smartphone,Electronics,960.73,1038.07,8.05,07/08/2018,1214,884,15.501998979134285,73.62923714582465
South Korea,Car Parts,Automobiles,35566.6,43060.48,21.07,09/06/2018,806,490,-38.363029924112446,85.55194943822733
Australia,Tablet,Electronics,245.13,328.3,33.93,27/08/2018,1051,989,4.546442998351907,-40.13319234999118
Japan,Tablet,Electronics,355.19,499.4,40.6,06/06/2018,746,686,12.221735215463902,-32.28891210397096
South Korea,Video Game Console,Electronics,1484.77,2080.76,40.14,23/08/2018,779,485,-38.363029924112446,85.55194943822733
Canada,Video Game Console,Electronics,1345.28,1713.75,27.39,06/08/2018,646,555,-17.717029441216305,-46.61256558641988
France,Video Game Console,Electronics,210.5,283.63,34.74,10/07/2018,1013,781,9.335565144317748,-87.5245305030312
UK,Car,Automobiles,17304.14,20306.41,17.35,08/06/2018,253,202,15.501998979134285,73.62923714582465
UK,Refrigerator,Appliances,352.94,440.19,24.72,17/06/2018,237,143,15.501998979134285,73.62923714582465
Australia,Refrigerator,Appliances,560.84,700.94,24.98,10/06/2018,1275,716,4.546442998351907,-40.13319234999118
Canada,Video Game Console,Electronics,540.14,789.2,46.11,16/06/2018,636,539,-17.717029441216305,-46.61256558641988
France,Jeans,Apparel,56.03,60.7,8.33,23/06/2018,1940,1592,9.335565144317748,-87.5245305030312
China,Footwear,Apparel,31.69,45.99,45.11,21/06/2018,1557,1275,-31.851729923313933,46.25633471413238
France,Tablet,Electronics,343.73,437.33,27.23,17/07/2018,1234,934,9.335565144317748,-87.5245305030312
Japan,Footwear,Apparel,91.67,116.0,26.54,23/07/2018,1675,1146,12.221735215463902,-32.28891210397096
India,Laptop,Electronics,275.46,392.01,42.31,10/08/2018,1410,1077,-28.32847492028605,-2.5918902870641745
Germany,Video Game Console,Electronics,804.01,1182.38,47.06,29/06/2018,808,748,-32.616102670496794,19.00264584284548
South Korea,Furniture,Furniture,975.03,1293.38,32.65,12/06/2018,1129,890,-38.363029924112446,85.55194943822733
India,TV,Electronics,315.87,448.98,42.14,04/06/2018,266,138,-28.32847492028605,-2.5918902870641745
Australia,Footwear,Apparel,135.02,179.87,33.22,08/07/2018,1414,1315,4.546442998351907,-40.13319234999118
Japan,Coffee,Food,18.38,23.3,26.79,27/06/2018,796,615,12.221735215463902,-32.28891210397096
Canada,Electronic Components,Electronics,1105.71,1440.41,30.27,11/07/2018,595,422,-17.717029441216305,-46.61256558641988
Mexico,Jeans,Apparel,130.77,188.23,43.94,21/06/2018,1766,1143,1.2588385185624986,28.361915433182105
India,Washing Machine,Appliances,1175.03,1246.0,6.04,21/07/2018,1135,801,-28.32847492028605,-2.5918902870641745
Brazil,Coffee,Food,17.66,20.81,17.86,02/06/2018,1835,1006,-27.20145687116381,-12.135257724002855
Germany,Furniture,Furniture,886.54,1075.46,21.31,07/07/2018,250,168,-32.616102670496794,19.00264584284548
Japan,Footwear,Apparel,43.16,52.56,21.79,14/07/2018,1242,1145,12.221735215463902,-32.28891210397096
Germany,Coffee,Food,6.81,8.74,28.37,20/06/2018,1341,1209,-32.616102670496794,19.00264584284548
Germany,Refrigerator,Appliances,1348.05,1723.21,27.83,05/08/2018,1190,857,-32.616102670496794,19.00264584284548
India,Olive Oil,Food,19.91,28.96,45.44,28/08/2018,1388,710,-28.32847492028605,-2.5918902870641745
Japan,Olive Oil,Food,39.93,44.99,12.67,20/08/2018,1576,1227,12.221735215463902,-32.28891210397096
UK,Car,Automobiles,13476.88,16691.12,23.85,23/07/2018,1514,895,15.501998979134285,73.62923714582465
South Korea,Footwear,Apparel,147.04,191.5,30.24,24/08/2018,1079,794,-38.363029924112446,85.55194943822733
Canada,Car,Automobiles,23659.45,33397.68,41.16,04/07/2018,1349,968,-17.717029441216305,-46.61256558641988
Brazil,Olive Oil,Food,48.78,66.69,36.72,11/07/2018,1082,710,-27.20145687116381,-12.135257724002855
France,Olive Oil,Food,29.44,41.15,39.79,19/06/2018,694,360,9.335565144317748,-87.5245305030312
France,Laptop,Electronics,584.91,859.76,46.99,29/08/2018,656,368,9.335565144317748,-87.5245305030312
India,Washing Machine,Appliances,1202.77,1486.62,23.6,31/08/2018,1067,581,-28.32847492028605,-2.5918902870641745
Germany,Smartphone,Electronics,1450.33,1947.36,34.27,07/07/2018,757,475,-32.616102670496794,19.00264584284548
USA,Furniture,Furniture,152.22,222.96,46.47,24/07/2018,1906,1671,-38.156818103928615,-6.637310389189423
USA,Electronic Components,Electronics,655.79,691.33,5.42,12/08/2018,1334,731,-38.156818103928615,-6.637310389189423
Canada,Olive Oil,Food,28.59,33.53,17.28,15/06/2018,777,445,-17.717029441216305,-46.61256558641988
Japan,Tablet,Electronics,460.17,519.53,12.9,21/08/2018,1937,1321,12.221735215463902,-32.28891210397096
UK,Car Parts,Automobiles,19029.16,20039.61,5.31,20/07/2018,582,408,15.501998979134285,73.62923714582465
Mexico,Refrigerator,Appliances,1411.26,1556.9,10.32,10/07/2018,427,291,1.2588385185624986,28.361915433182105
South Korea,Furniture,Furniture,513.05,680.61,32.66,29/06/2018,373,266,-38.363029924112446,85.55194943822733
Japan,Washing Machine,Appliances,1851.75,2632.26,42.15,02/07/2018,1493,1253,12.221735215463902,-32.28891210397096
China,Car Parts,Automobiles,29631.81,37854.64,27.75,13/08/2018,1199,680,-31.851729923313933,46.25633471413238
Canada,Electronic Components,Electronics,828.48,1171.39,41.39,29/07/2018,370,270,-17.717029441216305,-46.61256558641988
Japan,TV,Electronics,180.83,250.56,38.56,14/08/2018,249,129,12.221735215463902,-32.28891210397096
Canada,Washing Machine,Appliances,417.33,514.99,23.4,18/06/2018,1668,1315,-17.717029441216305,-46.61256558641988
France,Tablet,Electronics,1449.3,1574.08,8.61,24/08/2018,1891,1404,9.335565144317748,-87.5245305030312
Australia,Electronic Components,Electronics,586.88,617.16,5.16,03/06/2018,711,503,4.546442998351907,-40.13319234999118
France,Car Parts,Automobiles,18274.68,26384.98,44.38,15/06/2018,165,142,9.335565144317748,-87.5245305030312
UK,TV,Electronics,1172.47,1546.49,31.9,30/08/2018,1886,984,15.501998979134285,73.62923714582465
France,Smartphone,Electronics,663.17,782.67,18.02,13/08/2018,753,572,9.335565144317748,-87.5245305030312
Australia,Electronic Components,Electronics,548.93,591.42,7.74,15/08/2018,1901,1579,4.546442998351907,-40.13319234999118
Germany,Tablet,Electronics,1050.25,1350.62,28.6,29/08/2018,952,650,-32.616102670496794,19.00264584284548
Mexico,Video Game Console,Electronics,357.43,449.79,25.84,08/06/2018,1251,857,1.2588385185624986,28.361915433182105
UK,Car Parts,Automobiles,18594.67,22629.71,21.7,08/08/2018,1583,1382,15.501998979134285,73.62923714582465
USA,Olive Oil,Food,6.78,9.17,35.22,28/06/2018,1081,642,-38.156818103928615,-6.637310389189423
Canada,Olive Oil,Food,47.17,59.69,26.55,02/07/2018,1524,1176,-17.717029441216305,-46.61256558641988
Brazil,Video Game Console,Electronics,1381.18,1612.8,16.77,05/08/2018,1907,1380,-27.20145687116381,-12.135257724002855
China,Footwear,Apparel,86.73,113.02,30.31,29/06/2018,1618,915,-31.851729923313933,46.25633471413238
Mexico,Car Parts,Automobiles,25270.0,36009.75,42.5,03/08/2018,1227,974,1.2588385185624986,28.361915433182105
Australia,Refrigerator,Appliances,1390.88,1957.94,40.77,22/06/2018,386,318,4.546442998351907,-40.13319234999118
Japan,Car,Automobiles,23974.79,35370.01,47.53,25/08/2018,199,167,12.221735215463902,-32.28891210397096
UK,Car,Automobiles,13100.17,17397.03,32.8,25/08/2018,1362,1240,15.501998979134285,73.62923714582465
Australia,Jeans,Apparel,149.99,176.84,17.9,04/08/2018,1765,1436,4.546442998351907,-40.13319234999118
UK,Footwear,Apparel,63.37,73.74,16.36,16/07/2018,647,554,15.501998979134285,73.62923714582465
China,Refrigerator,Appliances,1485.3,1613.48,8.63,23/08/2018,1655,851,-31.851729923313933,46.25633471413238
UK,Video Game Console,Electronics,628.04,841.7,34.02,13/07/2018,1258,1182,15.501998979134285,73.62923714582465
China,Furniture,Furniture,765.7,820.06,7.1,10/06/2018,1501,1375,-31.851729923313933,46.25633471413238
South Korea,TV,Electronics,1021.35,1449.6,41.93,21/07/2018,257,163,-38.363029924112446,85.55194943822733
India,Coffee,Food,35.47,49.86,40.57,28/08/2018,1583,847,-28.32847492028605,-2.5918902870641745
France,Refrigerator,Appliances,879.01,1079.86,22.85,12/07/2018,160,125,9.335565144317748,-87.5245305030312
Japan,Jeans,Apparel,125.46,175.33,39.75,08/07/2018,1734,1059,12.221735215463902,-32.28891210397096
China,Laptop,Electronics,475.16,518.49,9.12,10/07/2018,1010,668,-31.851729923313933,46.25633471413238
Mexico,Laptop,Electronics,285.51,345.27,20.93,12/06/2018,1322,1016,1.2588385185624986,28.361915433182105
Canada,Electronic Components,Electronics,639.33,952.73,49.02,13/08/2018,1167,672,-17.717029441216305,-46.61256558641988
UK,Car,Automobiles,15539.59,19702.65,26.79,10/06/2018,839,514,15.501998979134285,73.62923714582465
Brazil,Washing Machine,Appliances,481.85,577.98,19.95,19/08/2018,878,756,-27.20145687116381,-12.135257724002855
Canada,Jeans,Apparel,44.5,65.7,47.63,26/06/2018,1081,693,-17.717029441216305,-46.61256558641988
UK,Refrigerator,Appliances,1278.99,1812.84,41.74,21/07/2018,847,466,15.501998979134285,73.62923714582465
India,Coffee,Food,35.68,48.84,36.88,27/07/2018,1733,1093,-28.32847492028605,-2.5918902870641745
France,Laptop,Electronics,1246.55,1678.35,34.64,31/08/2018,966,826,9.335565144317748,-87.5245305030312
China,Jeans,Apparel,185.67,240.37,29.46,17/07/2018,1536,1386,-31.851729923313933,46.25633471413238
South Korea,TV,Electronics,993.45,1062.89,6.99,22/08/2018,1487,1176,-38.363029924112446,85.55194943822733
Canada,Footwear,Apparel,113.38,148.4,30.89,28/07/2018,866,585,-17.717029441216305,-46.61256558641988
Australia,TV,Electronics,1066.61,1161.11,8.86,19/06/2018,813,520,4.546442998351907,-40.13319234999118
Japan,Footwear,Apparel,145.42,172.34,18.51,30/08/2018,335,170,12.221735215463902,-32.28891210397096
Canada,Tablet,Electronics,253.11,303.45,19.89,25/07/2018,1046,632,-17.717029441216305,-46.61256558641988
UK,Tablet,Electronics,358.23,471.61,31.65,20/07/2018,109,89,15.501998979134285,73.62923714582465
Brazil,Olive Oil,Food,7.82,9.36,19.67,29/07/2018,333,205,-27.20145687116381,-12.135257724002855
Japan,Car Parts,Automobiles,15969.14,20057.24,25.6,23/06/2018,1766,1418,12.221735215463902,-32.28891210397096
Mexico,Furniture,Furniture,356.26,485.23,36.2,05/08/2018,895,615,1.2588385185624986,28.361915433182105
Germany,TV,Electronics,637.19,828.16,29.97,02/08/2018,691,389,-32.616102670496794,19.00264584284548
Canada,Electronic Components,Electronics,731.4,1085.18,48.37,04/08/2018,1437,1038,-17.717029441216305,-46.61256558641988
Australia,Jeans,Apparel,25.55,30.18,18.14,06/07/2018,560,415,4.546442998351907,-40.13319234999118
Germany,Footwear,Apparel,40.38,56.48,39.88,17/07/2018,1210,1052,-32.616102670496794,19.00264584284548
USA,Footwear,Apparel,169.41,200.58,18.4,05/06/2018,1021,631,-38.156818103928615,-6.637310389189423
China,Jeans,Apparel,152.77,219.61,43.75,18/08/2018,1395,966,-31.851729923313933,46.25633471413238
India,Car,Automobiles,33473.55,37684.52,12.58,30/08/2018,699,440,-28.32847492028605,-2.5918902870641745
Mexico,Electronic Components,Electronics,820.18,883.09,7.67,06/07/2018,1875,1490,1.2588385185624986,28.361915433182105
France,Electronic Components,Electronics,285.77,318.35,11.4,20/08/2018,650,508,9.335565144317748,-87.5245305030312
UK,Jeans,Apparel,154.96,223.89,44.48,29/07/2018,1099,711,15.501998979134285,73.62923714582465
USA,Electronic Components,Electronics,1183.79,1276.72,7.85,08/08/2018,914,546,-38.156818103928615,-6.637310389189423
UK,Electronic Components,Electronics,396.59,503.03,26.84,14/07/2018,1931,1558,15.501998979134285,73.62923714582465
USA,Smartphone,Electronics,239.4,251.44,5.03,25/07/2018,514,487,-38.156818103928615,-6.637310389189423
Germany,Furniture,Furniture,450.54,548.44,21.73,23/08/2018,438,229,-32.616102670496794,19.00264584284548
Australia,Olive Oil,Food,24.32,26.39,8.51,15/08/2018,563,413,4.546442998351907,-40.13319234999118
Japan,Smartphone,Electronics,111.29,128.32,15.3,12/06/2018,1596,1376,12.221735215463902,-32.28891210397096
China,Refrigerator,Appliances,1682.73,2279.59,35.47,09/06/2018,1186,893,-31.851729923313933,46.25633471413238
India,Tablet,Electronics,329.76,411.9,24.91,28/06/2018,277,250,-28.32847492028605,-2.5918902870641745
Germany,Footwear,Apparel,162.39,217.62,34.01,02/07/2018,1233,949,-32.616102670496794,19.00264584284548
France,TV,Electronics,498.89,660.08,32.31,25/06/2018,1631,1103,9.335565144317748,-87.5245305030312
Australia,Smartphone,Electronics,1197.32,1295.5,8.2,02/06/2018,839,772,4.546442998351907,-40.13319234999118
Germany,Video Game Console,Electronics,1305.14,1822.89,39.67,03/06/2018,1302,690,-32.616102670496794,19.00264584284548
Mexico,Coffee,Food,40.52,50.12,23.69,29/08/2018,923,495,1.2588385185624986,28.361915433182105
South Korea,Car Parts,Automobiles,14711.37,18998.26,29.14,21/07/2018,1301,1021,-38.363029924112446,85.55194943822733
Australia,Tablet,Electronics,1000.42,1466.72,46.61,15/06/2018,1028,797,4.546442998351907,-40.13319234999118
USA,Olive Oil,Food,12.9,16.43,27.34,15/07/2018,1171,858,-38.156818103928615,-6.637310389189423
France,Olive Oil,Food,40.15,42.69,6.32,25/07/2018,657,483,9.335565144317748,-87.5245305030312
Mexico,Washing Machine,Appliances,1168.33,1314.49,12.51,21/06/2018,622,527,1.2588385185624986,28.361915433182105
India,Tablet,Electronics,1111.89,1403.54,26.23,20/07/2018,1984,1125,-28.32847492028605,-2.5918902870641745
USA,Car Parts,Automobiles,29990.73,35808.93,19.4,10/06/2018,1270,848,-38.156818103928615,-6.637310389189423
South Korea,Tablet,Electronics,1362.72,1716.07,25.93,07/07/2018,1684,1482,-38.363029924112446,85.55194943822733
Canada,Laptop,Electronics,874.33,1100.61,25.88,15/08/2018,1110,1053,-17.717029441216305,-46.61256558641988
Brazil,Washing Machine,Appliances,310.84,374.84,20.59,28/08/2018,1896,956,-27.20145687116381,-12.135257724002855
Canada,Smartphone,Electronics,1162.5,1440.22,23.89,08/06/2018,391,320,-17.717029441216305,-46.61256558641988
China,Smartphone,Electronics,1389.78,1512.36,8.82,13/06/2018,1135,635,-31.851729923313933,46.25633471413238
UK,Laptop,Electronics,928.65,1362.05,46.67,21/07/2018,1535,1342,15.501998979134285,73.62923714582465
Canada,Refrigerator,Appliances,531.39,583.2,9.75,28/07/2018,1054,675,-17.717029441216305,-46.61256558641988
China,Car Parts,Automobiles,31961.79,45174.79,41.34,09/07/2018,1792,1464,-31.851729923313933,46.25633471413238
India,Smartphone,Electronics,401.03,429.9,7.2,09/07/2018,632,549,-28.32847492028605,-2.5918902870641745
Germany,Smartphone,Electronics,1432.94,2016.43,40.72,16/06/2018,124,65,-32.616102670496794,19.00264584284548
Brazil,Car,Automobiles,19020.36,27822.98,46.28,10/06/2018,144,136,-27.20145687116381,-12.135257724002855
Brazil,Furniture,Furniture,271.54,400.25,47.4,07/06/2018,444,406,-27.20145687116381,-12.135257724002855
UK,Electronic Components,Electronics,1114.2,1307.74,17.37,28/07/2018,1909,1082,15.501998979134285,73.62923714582465
India,TV,Electronics,963.77,1178.11,22.24,24/07/2018,508,400,-28.32847492028605,-2.5918902870641745
South Korea,Coffee,Food,40.77,52.8,29.5,02/08/2018,804,732,-38.363029924112446,85.55194943822733
South Korea,Refrigerator,Appliances,672.33,723.7,7.64,31/07/2018,1184,782,-38.363029924112446,85.55194943822733
India,Coffee,Food,34.56,37.16,7.52,29/06/2018,1279,1126,-28.32847492028605,-2.5918902870641745
UK,Refrigerator,Appliances,702.14,850.64,21.15,15/08/2018,157,128,15.501998979134285,73.62923714582465
Canada,TV,Electronics,889.05,1057.17,18.91,02/08/2018,177,95,-17.717029441216305,-46.61256558641988
Brazil,TV,Electronics,406.33,557.73,37.26,12/07/2018,221,112,-27.20145687116381,-12.135257724002855
India,Washing Machine,Appliances,1763.14,2598.69,47.39,21/07/2018,1300,709,-28.32847492028605,-2.5918902870641745
Mexico,Refrigerator,Appliances,1646.13,1857.49,12.84,11/08/2018,1520,1368,1.2588385185624986,28.361915433182105
India,Footwear,Apparel,152.12,171.9,13.0,01/06/2018,1537,1424,-28.32847492028605,-2.5918902870641745
UK,Electronic Components,Electronics,1492.0,1714.9,14.94,12/08/2018,313,288,15.501998979134285,73.62923714582465
Germany,Refrigerator,Appliances,585.41,801.43,36.9,21/08/2018,1593,1432,-32.616102670496794,19.00264584284548
Japan,Smartphone,Electronics,471.3,576.73,22.37,24/07/2018,440,395,12.221735215463902,-32.28891210397096
Japan,Furniture,Furniture,1011.36,1374.64,35.92,21/06/2018,1024,545,12.221735215463902,-32.28891210397096
USA,Olive Oil,Food,9.71,10.52,8.38,12/06/2018,792,607,-38.156818103928615,-6.637310389189423
India,Furniture,Furniture,319.95,350.54,9.56,27/06/2018,489,334,-28.32847492028605,-2.5918902870641745
South Korea,Washing Machine,Appliances,805.58,1045.08,29.73,02/08/2018,414,217,-38.363029924112446,85.55194943822733
USA,Video Game Console,Electronics,222.68,297.77,33.72,11/06/2018,1069,940,-38.156818103928615,-6.637310389189423
Mexico,Footwear,Apparel,117.94,170.84,44.85,18/07/2018,482,337,1.2588385185624986,28.361915433182105
Mexico,Jeans,Apparel,155.4,169.17,8.86,15/07/2018,1755,1305,1.2588385185624986,28.361915433182105
India,Coffee,Food,41.83,52.86,26.37,01/07/2018,1075,682,-28.32847492028605,-2.5918902870641745
UK,Furniture,Furniture,1475.86,1647.65,11.64,28/07/2018,454,420,15.501998979134285,73.62923714582465
Germany,Coffee,Food,24.05,32.04,33.23,16/08/2018,628,404,-32.616102670496794,19.00264584284548
France,Furniture,Furniture,827.56,1210.47,46.27,02/06/2018,1710,1393,9.335565144317748,-87.5245305030312
India,Car Parts,Automobiles,8938.16,9788.18,9.51,14/06/2018,1252,1065,-28.32847492028605,-2.5918902870641745
Mexico,Electronic Components,Electronics,849.89,906.75,6.69,06/07/2018,925,522,1.2588385185624986,28.361915433182105
India,Tablet,Electronics,1071.13,1568.56,46.44,18/07/2018,141,91,-28.32847492028605,-2.5918902870641745
Mexico,Olive Oil,Food,36.33,54.07,48.84,27/07/2018,1685,1468,1.2588385185624986,28.361915433182105
Mexico,Washing Machine,Appliances,659.36,917.7,39.18,18/07/2018,1781,935,1.2588385185624986,28.361915433182105
Germany,Laptop,Electronics,535.57,608.78,13.67,26/06/2018,1814,954,-32.616102670496794,19.00264584284548
USA,Jeans,Apparel,103.56,151.76,46.54,27/08/2018,162,98,-38.156818103928615,-6.637310389189423
Japan,TV,Electronics,724.54,845.1,16.64,28/08/2018,285,179,12.221735215463902,-32.28891210397096
UK,Smartphone,Electronics,328.07,384.2,17.11,23/07/2018,1151,585,15.501998979134285,73.62923714582465
Australia,Smartphone,Electronics,763.74,1126.06,47.44,31/08/2018,1552,1224,4.546442998351907,-40.13319234999118
UK,Furniture,Furniture,1254.04,1540.84,22.87,14/06/2018,115,83,15.501998979134285,73.62923714582465
Australia,Electronic Components,Electronics,1275.13,1531.81,20.13,06/07/2018,1411,911,4.546442998351907,-40.13319234999118
Mexico,Olive Oil,Food,34.32,36.91,7.55,16/08/2018,927,739,1.2588385185624986,28.361915433182105
Australia,Car,Automobiles,27939.02,29780.2,6.59,30/08/2018,1271,1102,4.546442998351907,-40.13319234999118
Canada,Washing Machine,Appliances,1108.75,1313.98,18.51,22/06/2018,1821,1449,-17.717029441216305,-46.61256558641988
South Korea,Car,Automobiles,21477.33,31702.69,47.61,13/07/2018,1440,777,-38.363029924112446,85.55194943822733
Canada,Coffee,Food,40.46,57.98,43.3,31/07/2018,209,185,-17.717029441216305,-46.61256558641988
India,TV,Electronics,1422.02,1684.1,18.43,07/06/2018,1883,1665,-28.32847492028605,-2.5918902870641745
Germany,Coffee,Food,45.18,51.11,13.12,11/06/2018,1098,713,-32.616102670496794,19.00264584284548
Germany,Refrigerator,Appliances,1594.03,2024.9,27.03,12/06/2018,365,283,-32.616102670496794,19.00264584284548
Australia,Video Game Console,Electronics,664.75,702.18,5.63,12/07/2018,1650,1443,4.546442998351907,-40.13319234999118
Brazil,Smartphone,Electronics,1047.45,1280.61,22.26,15/08/2018,726,417,-27.20145687116381,-12.135257724002855
USA,Olive Oil,Food,28.41,31.54,11.02,02/08/2018,835,699,-38.156818103928615,-6.637310389189423
Germany,Furniture,Furniture,1127.71,1483.39,31.54,22/06/2018,352,234,-32.616102670496794,19.00264584284548
Australia,Footwear,Apparel,28.75,38.75,34.79,23/08/2018,1812,922,4.546442998351907,-40.13319234999118
France,Laptop,Electronics,683.49,911.5,33.36,09/07/2018,961,766,9.335565144317748,-87.5245305030312
Australia,Car Parts,Automobiles,26197.2,28895.51,10.3,15/06/2018,1707,935,4.546442998351907,-40.13319234999118
Brazil,TV,Electronics,379.65,405.35,6.77,03/08/2018,1964,1165,-27.20145687116381,-12.135257724002855
Japan,Refrigerator,Appliances,487.73,720.52,47.73,05/08/2018,253,208,12.221735215463902,-32.28891210397096
China,Furniture,Furniture,239.73,270.56,12.86,06/06/2018,1845,1163,-31.851729923313933,46.25633471413238
Australia,Refrigerator,Appliances,1813.5,2432.27,34.12,13/07/2018,832,750,4.546442998351907,-40.13319234999118
India,Olive Oil,Food,41.67,48.85,17.23,20/07/2018,1512,1334,-28.32847492028605,-2.5918902870641745
UK,Tablet,Electronics,1340.57,1470.2,9.67,15/08/2018,1088,936,15.501998979134285,73.62923714582465
Australia,Jeans,Apparel,143.2,213.1,48.81,17/06/2018,1089,995,4.546442998351907,-40.13319234999118
China,Furniture,Furniture,1049.1,1463.91,39.54,13/08/2018,1582,1193,-31.851729923313933,46.25633471413238
Australia,Electronic Components,Electronics,573.62,691.56,20.56,26/08/2018,1413,951,4.546442998351907,-40.13319234999118
South Korea,Furniture,Furniture,1292.62,1862.92,44.12,10/06/2018,1638,1181,-38.363029924112446,85.55194943822733
Brazil,Refrigerator,Appliances,1393.64,1751.25,25.66,13/08/2018,1017,548,-27.20145687116381,-12.135257724002855
Japan,Jeans,Apparel,92.62,120.14,29.71,12/06/2018,1721,1328,12.221735215463902,-32.28891210397096
India,Tablet,Electronics,526.44,565.61,7.44,29/06/2018,1829,1288,-28.32847492028605,-2.5918902870641745
South Korea,Footwear,Apparel,40.52,46.59,14.98,14/07/2018,827,722,-38.363029924112446,85.55194943822733
Mexico,Car Parts,Automobiles,29573.36,40654.5,37.47,14/06/2018,620,480,1.2588385185624986,28.361915433182105
Brazil,Laptop,Electronics,1402.3,1733.94,23.65,21/08/2018,1815,1456,-27.20145687116381,-12.135257724002855
China,Footwear,Apparel,193.49,267.27,38.13,10/08/2018,986,865,-31.851729923313933,46.25633471413238
Japan,Furniture,Furniture,279.73,342.47,22.43,16/08/2018,1341,1203,12.221735215463902,-32.28891210397096
South Korea,Furniture,Furniture,1449.03,2154.27,48.67,28/07/2018,1748,978,-38.363029924112446,85.55194943822733
UK,TV,Electronics,1080.02,1588.71,47.1,20/08/2018,545,321,15.501998979134285,73.62923714582465
India,Washing Machine,Appliances,1968.27,2513.09,27.68,28/08/2018,1404,905,-28.32847492028605,-2.5918902870641745
China,Footwear,Apparel,95.15,135.93,42.86,07/07/2018,1897,1671,-31.851729923313933,46.25633471413238
USA,Car Parts,Automobiles,18330.46,27360.04,49.26,27/08/2018,613,346,-38.156818103928615,-6.637310389189423
USA,Washing Machine,Appliances,909.76,1231.82,35.4,11/08/2018,1871,1124,-38.156818103928615,-6.637310389189423
Australia,Car Parts,Automobiles,22882.28,27955.28,22.17,24/07/2018,1714,1609,4.546442998351907,-40.13319234999118
Canada,Car Parts,Automobiles,31028.45,35729.26,15.15,21/08/2018,1543,1264,-17.717029441216305,-46.61256558641988
Canada,Footwear,Apparel,54.83,81.84,49.26,10/06/2018,482,449,-17.717029441216305,-46.61256558641988
France,Car Parts,Automobiles,6422.2,6759.37,5.25,30/07/2018,1553,1431,9.335565144317748,-87.5245305030312
USA,Car,Automobiles,25890.81,36389.53,40.55,10/08/2018,833,443,-38.156818103928615,-6.637310389189423
France,Refrigerator,Appliances,1636.64,2015.52,23.15,15/07/2018,553,496,9.335565144317748,-87.5245305030312
Australia,Refrigerator,Appliances,1351.08,1875.97,38.85,23/08/2018,118,65,4.546442998351907,-40.13319234999118
Canada,Jeans,Apparel,27.18,33.2,22.16,15/06/2018,890,547,-17.717029441216305,-46.61256558641988
France,Olive Oil,Food,39.67,46.95,18.34,23/08/2018,494,318,9.335565144317748,-87.5245305030312
China,Laptop,Electronics,334.35,467.45,39.81,27/08/2018,968,848,-31.851729923313933,46.25633471413238
Brazil,Car Parts,Automobiles,35752.3,48576.65,35.87,04/06/2018,1040,855,-27.20145687116381,-12.135257724002855
USA,Laptop,Electronics,202.55,249.83,23.34,28/07/2018,1390,947,-38.156818103928615,-6.637310389189423
Canada,Smartphone,Electronics,645.3,690.79,7.05,10/06/2018,832,763,-17.717029441216305,-46.61256558641988
China,Olive Oil,Food,8.89,11.98,34.73,31/07/2018,420,310,-31.851729923313933,46.25633471413238
Germany,Washing Machine,Appliances,1932.23,2823.76,46.14,22/08/2018,864,804,-32.616102670496794,19.00264584284548
USA,Car Parts,Automobiles,9948.09,10826.51,8.83,27/06/2018,1632,1360,-38.156818103928615,-6.637310389189423
France,Refrigerator,Appliances,542.17,630.92,16.37,15/06/2018,471,377,9.335565144317748,-87.5245305030312
India,Electronic Components,Electronics,176.14,238.19,35.23,03/07/2018,301,177,-28.32847492028605,-2.5918902870641745
India,Jeans,Apparel,71.32,81.1,13.71,02/08/2018,1022,662,-28.32847492028605,-2.5918902870641745
Australia,Olive Oil,Food,30.51,36.33,19.09,29/06/2018,1558,1297,4.546442998351907,-40.13319234999118
UK,Olive Oil,Food,37.98,45.1,18.75,10/08/2018,322,186,15.501998979134285,73.62923714582465
India,Laptop,Electronics,1278.51,1386.42,8.44,10/06/2018,1927,979,-28.32847492028605,-2.5918902870641745
South Korea,Tablet,Electronics,143.67,186.0,29.46,09/08/2018,1066,846,-38.363029924112446,85.55194943822733
Germany,Refrigerator,Appliances,1757.18,1916.56,9.07,17/07/2018,1128,569,-32.616102670496794,19.00264584284548
Brazil,Electronic Components,Electronics,1449.6,1891.58,30.49,12/08/2018,1450,1294,-27.20145687116381,-12.135257724002855
Germany,Washing Machine,Appliances,1594.5,1842.13,15.53,25/08/2018,523,383,-32.616102670496794,19.00264584284548
Canada,Video Game Console,Electronics,757.54,973.14,28.46,06/07/2018,1809,1508,-17.717029441216305,-46.61256558641988
India,Car Parts,Automobiles,18183.08,21150.56,16.32,29/06/2018,1157,789,-28.32847492028605,-2.5918902870641745
Canada,Jeans,Apparel,99.18,127.1,28.15,06/07/2018,533,302,-17.717029441216305,-46.61256558641988
Germany,Refrigerator,Appliances,1004.84,1360.45,35.39,01/08/2018,531,406,-32.616102670496794,19.00264584284548
Australia,Electronic Components,Electronics,675.26,979.73,45.09,19/06/2018,214,123,4.546442998351907,-40.13319234999118
Germany,Car Parts,Automobiles,25977.51,30591.12,17.76,11/06/2018,543,381,-32.616102670496794,19.00264584284548
Japan,Electronic Components,Electronics,774.34,1030.18,33.04,05/08/2018,641,368,12.221735215463902,-32.28891210397096
Australia,Refrigerator,Appliances,942.96,1211.89,28.52,04/08/2018,1501,1034,4.546442998351907,-40.13319234999118
Germany,TV,Electronics,234.82,258.98,10.29,01/08/2018,1450,810,-32.616102670496794,19.00264584284548
India,Car Parts,Automobiles,36393.91,38923.29,6.95,07/08/2018,978,589,-28.32847492028605,-2.5918902870641745
Japan,Footwear,Apparel,170.69,211.91,24.15,03/07/2018,1077,909,12.221735215463902,-32.28891210397096
China,Olive Oil,Food,16.6,21.33,28.51,06/08/2018,114,76,-31.851729923313933,46.25633471413238
Brazil,Washing Machine,Appliances,1024.32,1322.6,29.12,12/08/2018,848,657,-27.20145687116381,-12.135257724002855
Australia,Video Game Console,Electronics,1156.96,1346.93,16.42,10/07/2018,1283,840,4.546442998351907,-40.13319234999118
France,Video Game Console,Electronics,1130.1,1268.88,12.28,28/06/2018,1141,776,9.335565144317748,-87.5245305030312
Canada,Footwear,Apparel,193.62,211.24,9.1,19/06/2018,1065,976,-17.717029441216305,-46.61256558641988
UK,Laptop,Electronics,189.71,251.61,32.63,06/08/2018,686,562,15.501998979134285,73.62923714582465
India,Smartphone,Electronics,1424.0,2010.4,41.18,07/07/2018,498,256,-28.32847492028605,-2.5918902870641745
India,Car Parts,Automobiles,13108.48,14693.3,12.09,06/07/2018,1696,1152,-28.32847492028605,-2.5918902870641745
Australia,Video Game Console,Electronics,667.63,919.19,37.68,11/08/2018,1973,1504,4.546442998351907,-40.13319234999118
Canada,Electronic Components,Electronics,487.11,600.7,23.32,14/06/2018,1244,662,-17.717029441216305,-46.61256558641988
Mexico,Refrigerator,Appliances,1789.39,2437.86,36.24,19/07/2018,1253,899,1.2588385185624986,28.361915433182105
Brazil,Footwear,Apparel,175.16,204.24,16.6,19/07/2018,1397,1194,-27.20145687116381,-12.135257724002855
Brazil,Tablet,Electronics,1081.65,1263.91,16.85,07/07/2018,290,197,-27.20145687116381,-12.135257724002855
France,Electronic Components,Electronics,578.79,655.36,13.23,27/08/2018,1963,1149,9.335565144317748,-87.5245305030312
France,Coffee,Food,16.94,20.5,21.02,14/06/2018,345,315,9.335565144317748,-87.5245305030312
Australia,Tablet,Electronics,789.73,941.28,19.19,13/08/2018,1879,1171,4.546442998351907,-40.13319234999118
Germany,Footwear,Apparel,29.75,37.64,26.52,09/08/2018,166,120,-32.616102670496794,19.00264584284548
UK,Electronic Components,Electronics,1060.87,1119.54,5.53,27/06/2018,877,667,15.501998979134285,73.62923714582465
Canada,Refrigerator,Appliances,703.14,854.1,21.47,03/08/2018,968,575,-17.717029441216305,-46.61256558641988
France,Footwear,Apparel,43.61,50.28,15.29,13/06/2018,1576,979,9.335565144317748,-87.5245305030312
Brazil,Car Parts,Automobiles,18330.92,20704.77,12.95,03/08/2018,375,355,-27.20145687116381,-12.135257724002855
Australia,Car Parts,Automobiles,16050.45,17567.22,9.45,21/06/2018,222,132,4.546442998351907,-40.13319234999118
Mexico,Jeans,Apparel,84.86,120.03,41.45,15/07/2018,140,95,1.2588385185624986,28.361915433182105
Canada,Electronic Components,Electronics,1051.42,1238.68,17.81,12/07/2018,1478,1078,-17.717029441216305,-46.61256558641988
France,Jeans,Apparel,46.07,65.12,41.35,14/07/2018,963,755,9.335565144317748,-87.5245305030312
India,Video Game Console,Electronics,1288.46,1508.01,17.04,22/08/2018,909,565,-28.32847492028605,-2.5918902870641745
Japan,Footwear,Apparel,94.52,100.23,6.04,01/07/2018,1455,892,12.221735215463902,-32.28891210397096
France,Washing Machine,Appliances,462.44,496.75,7.42,21/07/2018,1173,990,9.335565144317748,-87.5245305030312
China,Laptop,Electronics,467.43,550.59,17.79,20/08/2018,358,200,-31.851729923313933,46.25633471413238
Germany,Smartphone,Electronics,149.22,219.46,47.07,10/08/2018,1011,566,-32.616102670496794,19.00264584284548
France,Car Parts,Automobiles,25915.45,34669.69,33.78,10/07/2018,1961,1286,9.335565144317748,-87.5245305030312
South Korea,Coffee,Food,21.46,30.41,41.69,18/06/2018,804,505,-38.363029924112446,85.55194943822733
South Korea,Smartphone,Electronics,1062.88,1401.62,31.87,01/06/2018,1222,816,-38.363029924112446,85.55194943822733
UK,Furniture,Furniture,629.7,735.68,16.83,25/07/2018,1380,838,15.501998979134285,73.62923714582465
India,Footwear,Apparel,68.39,73.92,8.08,18/06/2018,693,380,-28.32847492028605,-2.5918902870641745
Japan,TV,Electronics,733.87,777.9,6.0,14/06/2018,677,420,12.221735215463902,-32.28891210397096
France,Jeans,Apparel,81.54,114.96,40.98,18/07/2018,1049,853,9.335565144317748,-87.5245305030312
USA,Refrigerator,Appliances,753.06,852.24,13.17,03/07/2018,1773,1190,-38.156818103928615,-6.637310389189423
USA,Laptop,Electronics,1464.44,1668.88,13.96,13/06/2018,1167,933,-38.156818103928615,-6.637310389189423
Brazil,Jeans,Apparel,151.08,196.0,29.73,16/06/2018,618,442,-27.20145687116381,-12.135257724002855
Mexico,Coffee,Food,35.0,36.99,5.68,06/07/2018,1297,718,1.2588385185624986,28.361915433182105
Brazil,Smartphone,Electronics,1456.37,1692.16,16.19,03/08/2018,287,232,-27.20145687116381,-12.135257724002855
Canada,Furniture,Furniture,850.89,934.53,9.83,02/08/2018,576,370,-17.717029441216305,-46.61256558641988
South Korea,Footwear,Apparel,23.84,32.8,37.6,03/07/2018,1940,1004,-38.363029924112446,85.55194943822733
France,Jeans,Apparel,117.85,148.59,26.08,16/08/2018,1972,1749,9.335565144317748,-87.5245305030312
Germany,Laptop,Electronics,843.59,1077.85,27.77,24/06/2018,1908,970,-32.616102670496794,19.00264584284548
Canada,Footwear,Apparel,167.43,227.29,35.75,10/08/2018,415,321,-17.717029441216305,-46.61256558641988
Canada,Video Game Console,Electronics,997.27,1439.16,44.31,26/06/2018,319,229,-17.717029441216305,-46.61256558641988
China,Smartphone,Electronics,899.42,1092.71,21.49,17/08/2018,1570,835,-31.851729923313933,46.25633471413238
Brazil,Tablet,Electronics,787.97,1160.05,47.22,24/07/2018,1783,1187,-27.20145687116381,-12.135257724002855
France,Smartphone,Electronics,1253.1,1857.47,48.23,13/06/2018,307,253,9.335565144317748,-87.5245305030312
South Korea,Video Game Console,Electronics,365.24,451.73,23.68,14/06/2018,1669,1314,-38.363029924112446,85.55194943822733
Canada,Tablet,Electronics,742.21,892.06,20.19,21/06/2018,1193,1132,-17.717029441216305,-46.61256558641988
Japan,Furniture,Furniture,1169.86,1455.07,24.38,01/09/2018,762,589,12.221735215463902,-32.28891210397096
India,Car Parts,Automobiles,31799.79,39072.4,22.87,01/09/2018,170,160,-28.32847492028605,-2.5918902870641745
India,Smartphone,Electronics,824.65,873.96,5.98,28/08/2018,1784,1113,-28.32847492028605,-2.5918902870641745
South Korea,Car Parts,Automobiles,37407.29,45457.34,21.52,14/08/2018,611,369,-38.363029924112446,85.55194943822733
Mexico,Laptop,Electronics,898.68,1141.05,26.97,28/08/2018,1539,1168,1.2588385185624986,28.361915433182105
China,TV,Electronics,999.16,1199.49,20.05,26/07/2018,953,875,-31.851729923313933,46.25633471413238
China,Electronic Components,Electronics,1178.55,1266.23,7.44,07/08/2018,184,118,-31.851729923313933,46.25633471413238
India,Car,Automobiles,29421.9,40861.13,38.88,13/08/2018,1133,612,-28.32847492028605,-2.5918902870641745
UK,Olive Oil,Food,20.13,23.52,16.82,22/07/2018,1127,783,15.501998979134285,73.62923714582465
France,Car,Automobiles,21832.29,32720.05,49.87,07/08/2018,604,367,9.335565144317748,-87.5245305030312
Mexico,Footwear,Apparel,94.44,107.26,13.57,15/07/2018,1316,1046,1.2588385185624986,28.361915433182105
Mexico,Car,Automobiles,26567.73,37678.35,41.82,26/06/2018,1503,1004,1.2588385185624986,28.361915433182105
France,Electronic Components,Electronics,220.14,259.66,17.95,14/07/2018,1520,1310,9.335565144317748,-87.5245305030312
Mexico,Jeans,Apparel,118.36,153.51,29.7,19/08/2018,1594,1508,1.2588385185624986,28.361915433182105
France,Washing Machine,Appliances,1195.56,1363.3,14.03,29/08/2018,1365,849,9.335565144317748,-87.5245305030312
Japan,Tablet,Electronics,1423.25,1563.58,9.86,08/07/2018,1876,1683,12.221735215463902,-32.28891210397096
UK,Coffee,Food,36.94,40.25,8.96,26/06/2018,1125,1051,15.501998979134285,73.62923714582465
South Korea,Furniture,Furniture,1142.15,1208.74,5.83,27/08/2018,820,541,-38.363029924112446,85.55194943822733
Mexico,Coffee,Food,17.41,26.12,50.0,04/06/2018,1236,1145,1.2588385185624986,28.361915433182105
Brazil,Car,Automobiles,18749.63,27050.09,44.27,27/08/2018,565,388,-27.20145687116381,-12.135257724002855
India,Car,Automobiles,15933.4,20896.65,31.15,27/08/2018,1738,1027,-28.32847492028605,-2.5918902870641745
Germany,Olive Oil,Food,45.93,61.79,34.53,12/08/2018,1978,1129,-32.616102670496794,19.00264584284548
China,Car Parts,Automobiles,30180.42,36017.31,19.34,23/07/2018,942,599,-31.851729923313933,46.25633471413238
France,Furniture,Furniture,284.16,301.72,6.18,18/08/2018,1363,845,9.335565144317748,-87.5245305030312
India,TV,Electronics,423.28,540.11,27.6,17/08/2018,1060,869,-28.32847492028605,-2.5918902870641745
Canada,Car,Automobiles,22200.6,23461.59,5.68,05/07/2018,945,567,-17.717029441216305,-46.61256558641988
Australia,Coffee,Food,46.72,55.89,19.62,29/07/2018,1917,1171,4.546442998351907,-40.13319234999118
UK,Footwear,Apparel,130.07,171.33,31.72,07/08/2018,1413,1263,15.501998979134285,73.62923714582465
USA,Car Parts,Automobiles,20991.51,31334.03,49.27,06/06/2018,1242,837,-38.156818103928615,-6.637310389189423
Australia,Smartphone,Electronics,365.79,432.55,18.25,07/06/2018,1513,1108,4.546442998351907,-40.13319234999118
Germany,Jeans,Apparel,160.17,218.36,36.33,18/06/2018,905,620,-32.616102670496794,19.00264584284548
Japan,Smartphone,Electronics,350.43,477.04,36.13,31/08/2018,1731,993,12.221735215463902,-32.28891210397096
France,Laptop,Electronics,227.67,338.96,48.88,18/08/2018,427,286,9.335565144317748,-87.5245305030312
UK,Smartphone,Electronics,1175.56,1328.97,13.05,31/08/2018,205,141,15.501998979134285,73.62923714582465
Mexico,Washing Machine,Appliances,499.84,664.89,33.02,03/07/2018,125,88,1.2588385185624986,28.361915433182105
Japan,Car Parts,Automobiles,26279.44,32817.76,24.88,16/08/2018,1329,668,12.221735215463902,-32.28891210397096
South Korea,Olive Oil,Food,42.14,44.94,6.65,05/06/2018,1466,1114,-38.363029924112446,85.55194943822733
India,Olive Oil,Food,9.9,13.34,34.74,29/08/2018,1318,998,-28.32847492028605,-2.5918902870641745
South Korea,Car,Automobiles,31226.72,45400.53,45.39,09/06/2018,1653,1144,-38.363029924112446,85.55194943822733
South Korea,Laptop,Electronics,509.97,695.14,36.31,18/08/2018,219,120,-38.363029924112446,85.55194943822733
France,Tablet,Electronics,840.53,1044.11,24.22,11/07/2018,631,464,9.335565144317748,-87.5245305030312
India,Refrigerator,Appliances,1539.61,2228.74,44.76,30/06/2018,1551,978,-28.32847492028605,-2.5918902870641745
Brazil,Smartphone,Electronics,265.49,328.3,23.66,06/06/2018,783,514,-27.20145687116381,-12.135257724002855
Australia,Coffee,Food,17.67,21.13,19.58,01/06/2018,333,269,4.546442998351907,-40.13319234999118
Canada,Video Game Console,Electronics,1114.16,1507.01,35.26,31/07/2018,1732,893,-17.717029441216305,-46.61256558641988
Germany,Jeans,Apparel,103.24,151.5,46.75,08/06/2018,1810,1329,-32.616102670496794,19.00264584284548
India,Washing Machine,Appliances,1281.58,1804.59,40.81,09/06/2018,405,253,-28.32847492028605,-2.5918902870641745
USA,Refrigerator,Appliances,1270.67,1828.62,43.91,10/07/2018,1544,1368,-38.156818103928615,-6.637310389189423
France,Smartphone,Electronics,480.1,617.55,28.63,23/06/2018,329,219,9.335565144317748,-87.5245305030312
USA,Footwear,Apparel,182.89,220.03,20.31,01/08/2018,1600,1429,-38.156818103928615,-6.637310389189423
Mexico,Footwear,Apparel,112.91,128.98,14.23,05/06/2018,1040,701,1.2588385185624986,28.361915433182105
South Korea,Laptop,Electronics,105.75,113.24,7.08,06/08/2018,1669,1329,-38.363029924112446,85.55194943822733
Mexico,Smartphone,Electronics,908.58,1084.48,19.36,27/07/2018,1474,815,1.2588385185624986,28.361915433182105
Germany,Car,Automobiles,5533.99,6603.71,19.33,19/06/2018,1542,1328,-32.616102670496794,19.00264584284548
India,Coffee,Food,45.15,65.76,45.65,07/06/2018,316,212,-28.32847492028605,-2.5918902870641745
China,Video Game Console,Electronics,648.68,784.9,21.0,13/07/2018,1774,1045,-31.851729923313933,46.25633471413238
Australia,Footwear,Apparel,43.72,64.0,46.39,30/07/2018,299,210,4.546442998351907,-40.13319234999118
Australia,Tablet,Electronics,1094.3,1598.55,46.08,21/07/2018,475,387,4.546442998351907,-40.13319234999118
Australia,Refrigerator,Appliances,351.45,441.98,25.76,22/06/2018,678,573,4.546442998351907,-40.13319234999118
India,TV,Electronics,278.35,391.53,40.66,08/08/2018,1044,710,-28.32847492028605,-2.5918902870641745
Portugal,Jeans,Apparel,618.73,796.51,28.73,04/08/2025,353,334,38.7169,-9.139
Portugal,Refrigerator,Appliances,926.66,1332.48,43.79,19/06/2025,213,118,38.7169,-9.139
Portugal,Furniture,Furniture,806.59,891.7,10.55,19/01/2025,455,234,38.7169,-9.139
Portugal,Car Parts,Automobiles,419.0,554.93,32.44,07/12/2025,876,776,38.7169,-9.139
Portugal,Tablet,Electronics,166.94,229.71,37.6,22/11/2025,598,521,38.7169,-9.139
Portugal,Jeans,Apparel,714.76,883.36,23.59,07/08/2025,899,873,38.7169,-9.139
Portugal,Furniture,Furniture,349.23,482.82,38.25,02/08/2025,486,311,38.7169,-9.139
Portugal,Car,Automobiles,857.86,1265.04,47.46,16/12/2025,1515,888,38.7169,-9.139
Portugal,Washing Machine,Appliances,624.0,733.1,17.48,08/10/2025,1049,1170,38.7169,-9.139
Portugal,Tablet,Electronics,394.66,470.98,19.34,17/01/2025,403,261,38.7169,-9.139
Japan,Jeans,Apparel,530.39,635.68,19.85,14/09/2025,257,221,35.6762,139.6503
Japan,Electronic Components,Electronics,459.67,629.74,37.0,02/04/2025,76,49,35.6762,139.6503
Japan,Tablet,Electronics,177.54,217.17,22.32,11/11/2025,1107,1096,35.6762,139.6503
Japan,TV,Electronics,872.5,995.07,14.05,21/08/2025,938,730,35.6762,139.6503
Japan,Furniture,Furniture,383.44,518.69,35.27,14/07/2025,601,634,35.6762,139.6503
Japan,Coffee,Food,512.13,569.07,11.12,28/04/2025,586,544,35.6762,139.6503
Japan,Footwear,Apparel,825.33,896.62,8.64,23/12/2025,1698,879,35.6762,139.6503
Japan,Jeans,Apparel,476.08,530.18,11.36,01/04/2025,463,461,35.6762,139.6503
Japan,Furniture,Furniture,927.91,1226.82,32.21,09/01/2025,507,336,35.6762,139.6503
Japan,Laptop,Electronics,256.16,370.87,44.78,27/03/2025,1464,1457,35.6762,139.6503
Canada,Car Parts,Automobiles,133.57,187.06,40.05,13/10/2025,885,898,45.4215,-75.6972
Canada,Footwear,Apparel,330.43,491.15,48.64,10/06/2025,111,60,45.4215,-75.6972
Canada,Car Parts,Automobiles,54.38,59.25,8.96,03/04/2025,856,924,45.4215,-75.6972
Canada,Electronic Components,Electronics,899.63,1140.32,26.75,06/04/2025,1776,1441,45.4215,-75.6972
Canada,Video Game Console,Electronics,871.94,1084.69,24.4,15/04/2025,334,329,45.4215,-75.6972
Canada,Furniture,Furniture,860.17,1278.07,48.58,13/08/2025,93,100,45.4215,-75.6972
Canada,Coffee,Food,251.03,366.89,46.15,07/11/2025,1363,700,45.4215,-75.6972
Canada,Tablet,Electronics,490.32,541.31,10.4,14/11/2025,827,619,45.4215,-75.6972
Canada,Laptop,Electronics,207.73,252.81,21.7,09/06/2025,1436,1072,45.4215,-75.6972
Canada,Car,Automobiles,615.0,720.75,17.2,20/04/2025,1946,1107,45.4215,-75.6972
South Africa,Smartphone,Electronics,648.68,720.15,11.02,26/06/2025,58,59,-25.7461,28.1881
South Africa,Car,Automobiles,265.17,326.83,23.25,04/07/2025,1622,1482,-25.7461,28.1881
South Africa,Car Parts,Automobiles,64.46,79.05,22.63,12/03/2025,184,175,-25.7461,28.1881
South Africa,Footwear,Apparel,478.44,516.5,7.96,17/04/2025,233,181,-25.7461,28.1881
South Africa,Car,Automobiles,865.6,936.58,8.2,26/10/2025,95,80,-25.7461,28.1881
South Africa,Video Game Console,Electronics,962.81,1408.26,46.27,23/02/2025,272,174,-25.7461,28.1881
South Africa,Car,Automobiles,355.48,419.1,17.9,03/03/2025,1438,1571,-25.7461,28.1881
South Africa,Laptop,Electronics,985.94,1177.7,19.45,03/11/2025,370,189,-25.7461,28.1881
South Africa,Laptop,Electronics,126.51,176.25,39.32,28/08/2025,973,1062,-25.7461,28.1881
South Africa,TV,Electronics,918.64,1017.35,10.75,10/04/2025,1011,590,-25.7461,28.1881
India,TV,Electronics,339.33,447.57,31.9,03/02/2025,1991,1128,28.6139,77.209
India,Video Game Console,Electronics,846.96,947.69,11.89,12/04/2025,1532,886,28.6139,77.209
India,Car,Automobiles,730.77,844.12,15.51,06/04/2025,305,336,28.6139,77.209
India,Car,Automobiles,789.82,1126.81,42.67,10/01/2025,1047,752,28.6139,77.209
India,Tablet,Electronics,570.29,673.61,18.12,23/02/2025,1207,1367,28.6139,77.209
India,Smartphone,Electronics,600.12,630.3,5.03,08/06/2025,1628,1501,28.6139,77.209
India,Coffee,Food,787.34,947.38,20.33,28/09/2025,590,704,28.6139,77.209
India,Laptop,Electronics,878.56,1307.04,48.77,22/04/2025,1903,2186,28.6139,77.209
India,Car,Automobiles,83.46,93.73,12.31,15/01/2025,860,915,28.6139,77.209
India,Laptop,Electronics,344.75,477.19,38.42,05/05/2025,1463,1557,28.6139,77.209
Germany,Coffee,Food,759.34,811.38,6.85,17/06/2025,1549,902,52.52,13.405
Germany,Furniture,Furniture,819.7,1036.55,26.45,20/06/2025,1681,1164,52.52,13.405
Germany,TV,Electronics,832.22,1147.97,37.94,24/05/2025,900,517,52.52,13.405
Germany,Washing Machine,Appliances,627.27,868.64,38.48,02/08/2025,1729,1831,52.52,13.405
Germany,Coffee,Food,213.35,254.17,19.13,06/12/2025,664,612,52.52,13.405
Germany,Car Parts,Automobiles,963.03,1169.93,21.48,05/12/2025,1225,1074,52.52,13.405
Germany,Washing Machine,Appliances,810.74,864.67,6.65,26/08/2025,809,506,52.52,13.405
Germany,Tablet,Electronics,534.5,701.21,31.19,04/04/2025,1190,1416,52.52,13.405
Germany,Car Parts,Automobiles,678.81,928.63,36.8,08/02/2025,1904,1661,52.52,13.405
Germany,Video Game Console,Electronics,246.22,315.6,28.18,15/08/2025,1957,2088,52.52,13.405
Argentina,TV,Electronics,340.24,363.38,6.8,11/01/2025,1416,999,-34.6037,-58.3816
Argentina,Olive Oil,Food,928.38,1054.22,13.55,07/07/2025,1068,1226,-34.6037,-58.3816
Argentina,TV,Electronics,498.65,572.2,14.75,08/02/2025,1016,1086,-34.6037,-58.3816
Argentina,Video Game Console,Electronics,81.44,108.2,32.86,08/11/2025,431,223,-34.6037,-58.3816
Argentina,Washing Machine,Appliances,879.64,1244.88,41.52,27/05/2025,1116,980,-34.6037,-58.3816
Argentina,Olive Oil,Food,758.38,1091.17,43.88,22/08/2025,1471,896,-34.6037,-58.3816
Argentina,Olive Oil,Food,356.37,526.85,47.84,04/01/2025,1751,1729,-34.6037,-58.3816
Argentina,Jeans,Apparel,989.41,1384.33,39.91,04/05/2025,858,787,-34.6037,-58.3816
Argentina,Footwear,Apparel,502.9,664.24,32.08,03/01/2025,144,159,-34.6037,-58.3816
Argentina,Furniture,Furniture,702.13,808.58,15.16,13/09/2025,1102,582,-34.6037,-58.3816
Norway,Footwear,Apparel,675.25,921.33,36.44,15/05/2025,519,478,59.9139,10.7522
Norway,Coffee,Food,258.44,274.34,6.15,24/03/2025,649,525,59.9139,10.7522
Norway,Car Parts,Automobiles,824.52,988.07,19.84,05/08/2025,77,55,59.9139,10.7522
Norway,Olive Oil,Food,515.99,718.3,39.21,26/06/2025,578,303,59.9139,10.7522
Norway,Car Parts,Automobiles,190.53,212.04,11.29,13/07/2025,1909,2196,59.9139,10.7522
Norway,Smartphone,Electronics,447.42,606.26,35.5,15/05/2025,1631,1089,59.9139,10.7522
Norway,TV,Electronics,412.44,609.89,47.87,10/05/2025,1518,928,59.9139,10.7522
Norway,Coffee,Food,966.37,1052.85,8.95,04/10/2025,1401,889,59.9139,10.7522
Norway,Video Game Console,Electronics,177.49,188.16,6.01,15/04/2025,96,96,59.9139,10.7522
Norway,Smartphone,Electronics,683.44,956.97,40.02,05/03/2025,998,873,59.9139,10.7522
Egypt,Jeans,Apparel,348.94,401.72,15.13,05/07/2025,1476,780,30.0444,31.2357
Egypt,Coffee,Food,184.66,195.28,5.75,17/10/2025,1880,1590,30.0444,31.2357
Egypt,Coffee,Food,820.68,1142.1,39.17,28/12/2025,921,875,30.0444,31.2357
Egypt,Footwear,Apparel,515.42,563.7,9.37,28/07/2025,1056,826,30.0444,31.2357
Egypt,Car Parts,Automobiles,229.34,254.48,10.96,28/04/2025,873,459,30.0444,31.2357
Egypt,Olive Oil,Food,778.17,937.58,20.49,05/01/2025,442,352,30.0444,31.2357
Egypt,Washing Machine,Appliances,555.44,756.64,36.22,05/02/2025,742,626,30.0444,31.2357
Egypt,Footwear,Apparel,774.85,1115.83,44.01,20/08/2025,1116,1151,30.0444,31.2357
Egypt,Tablet,Electronics,419.48,552.59,31.73,17/10/2025,334,206,30.0444,31.2357
Egypt,Electronic Components,Electronics,122.34,135.11,10.44,13/10/2025,1856,1593,30.0444,31.2357
Chile,Video Game Console,Electronics,315.41,375.64,19.1,03/04/2025,232,260,-33.4489,-70.6693
Chile,Car,Automobiles,959.66,1166.51,21.55,07/05/2025,247,282,-33.4489,-70.6693
Chile,Footwear,Apparel,638.42,703.29,10.16,10/11/2025,1671,1230,-33.4489,-70.6693
Chile,Tablet,Electronics,962.03,1431.84,48.84,18/11/2025,99,90,-33.4489,-70.6693
Chile,Furniture,Furniture,259.95,351.21,35.11,26/08/2025,1040,1179,-33.4489,-70.6693
Chile,Car Parts,Automobiles,141.08,177.39,25.74,03/05/2025,450,233,-33.4489,-70.6693
Chile,Video Game Console,Electronics,877.47,989.61,12.78,27/11/2025,351,396,-33.4489,-70.6693
Chile,Olive Oil,Food,861.26,1194.2,38.66,06/07/2025,132,68,-33.4489,-70.6693
Chile,Video Game Console,Electronics,915.54,1101.32,20.29,08/04/2025,1152,1368,-33.4489,-70.6693
Chile,Car,Automobiles,410.8,577.31,40.53,13/04/2025,1624,1069,-33.4489,-70.6693
